SM_R4C1_timestamps,median_pass_3
23.648743,9.559195985883024e-09
26.461041,9.556490335937186e-09
27.923515,9.553784685991349e-09
29.480306,9.551079036045513e-09
30.936669,9.549755330161931e-09
32.393032,9.548431624278349e-09
33.849395,9.547107918394767e-09
36.762122,9.545784212511185e-09
38.218485,9.544460506627603e-09
39.674849,9.543136800744021e-09
42.688003,9.54181309486044e-09
44.345222,9.540489388976857e-09
47.15752,9.540070812066081e-09
48.613883,9.539652235155305e-09
50.070247,9.539233658244528e-09
51.52661,9.538815081333754e-09
52.982973,9.53839650442298e-09
57.050778,9.537977927512203e-09
58.507141,9.537559350601427e-09
59.963504,9.53714077369065e-09
61.520296,9.536927756013667e-09
62.87623,9.536034258288555e-09
64.433022,9.534688020508198e-09
64.734307,9.533752453109452e-09
69.103396,9.532884930227423e-09
70.559759,9.530972502432529e-09
72.016122,9.528519277301442e-09
73.472486,9.526715299426757e-09
74.928849,9.52506979260224e-09
76.385212,9.5217103696647e-09
80.754301,9.51631264962552e-09
82.210664,9.511924049208434e-09
83.667028,9.509532531533025e-09
85.12339,9.506401729557383e-09
86.579753,9.50284793982608e-09
88.036116,9.501018821222554e-09
89.49248,9.500098591996549e-09
93.560285,9.498473579948185e-09
95.016648,9.496733939362814e-09
96.774296,9.496083958586163e-09
98.230659,9.496083958586163e-09
99.687022,9.496083958586163e-09
102.198035,9.495433691141148e-09
103.654399,9.492845361818716e-09
106.767982,9.487247173291261e-09
108.425201,9.478852725667996e-09
109.881564,9.469859462313107e-09
111.337927,9.461858021013624e-09
112.79429,9.45432042042437e-09
114.250654,9.446805735898935e-09
116.862095,9.438527544406218e-09
118.318459,9.42818468383401e-09
119.774822,9.418434116966318e-09
121.231185,9.412803114880435e-09
124.445196,9.409521465716845e-09
125.901559,9.405910395919362e-09
127.357922,9.402534304159753e-09
128.814285,9.400841523971924e-09
130.270648,9.400070340097473e-09
131.727012,9.399105824857293e-09
134.639738,9.398240844655617e-09
138.607115,9.396952628233457e-09
139.008827,9.394607786712356e-09
141.620269,9.391232659984123e-09
143.076632,9.388124588594221e-09
144.432567,9.386061429859053e-09
144.834279,9.38351124406481e-09
149.203369,9.380555170109978e-09
151.81481,9.378487485241905e-09
153.170746,9.376950470420069e-09
154.627109,9.374438737536211e-09
156.083472,9.37111748863627e-09
157.539836,9.36818709803979e-09
157.941549,9.364867356157183e-09
162.310637,9.36127740968059e-09
163.767,9.359054580277733e-09
165.223364,9.357218566043646e-09
166.679727,9.354742131651008e-09
168.13609,9.351731202416653e-09
169.592453,9.34845038821437e-09
172.304323,9.345957457840273e-09
175.217049,9.344031616735503e-09
176.673412,9.343068696183117e-09
178.129776,9.343068696183117e-09
179.586139,9.343068696183117e-09
181.243359,9.343068696183117e-09
182.699721,9.343068696183117e-09
186.667098,9.343068696183117e-09
188.22389,9.343068696183117e-09
191.437901,9.342422992368944e-09
193.948914,9.340799622417635e-09
194.350627,9.339010208404708e-09
196.861641,9.33712053422818e-09
197.263353,9.335714628070915e-09
199.874795,9.335714628070915e-09
201.331158,9.335714628070915e-09
202.787522,9.335714628070915e-09
204.243885,9.335714628070915e-09
207.457895,9.335714628070915e-09
208.914259,9.335714628070915e-09
210.370622,9.335714628070915e-09
212.881635,9.335714628070915e-09
214.337998,9.335714628070915e-09
216.095645,9.335714628070915e-09
219.108801,9.335714628070915e-09
220.565163,9.335714628070915e-09
222.021526,9.335714628070915e-09
223.47789,9.335714628070915e-09
224.934253,9.335714628070915e-09
229.303343,9.335714628070915e-09
230.759706,9.335714628070915e-09
235.128795,9.335714628070915e-09
236.585158,9.335714628070915e-09
238.041522,9.336796536838086e-09
239.497885,9.339361533162674e-09
240.954248,9.339872078652646e-09
242.41061,9.339872078652646e-09
246.478416,9.339872078652646e-09
247.834351,9.339872078652646e-09
249.591998,9.339872078652646e-09
251.14879,9.339872078652646e-09
253.659803,9.339872078652646e-09
255.116167,9.339872078652646e-09
256.572529,9.339872078652646e-09
258.028893,9.339872078652646e-09
259.485256,9.339872078652646e-09
261.142476,9.339872078652646e-09
264.055202,9.339872078652646e-09
265.511565,9.339872078652646e-09
266.967928,9.339872078652646e-09
268.625148,9.339872078652646e-09
270.081511,9.339872078652646e-09
274.4506,9.339872078652646e-09
275.906963,9.339872078652646e-09
277.363326,9.339872078652646e-09
278.81969,9.338567574262235e-09
280.276053,9.337907632082745e-09
282.787067,9.334994967712327e-09
283.188779,9.32916963897149e-09
284.645142,9.326256974601071e-09
287.557869,9.321515681416076e-09
291.525246,9.308725526566941e-09
291.926958,8.959599598082296e-09
293.383321,7.453740629137002e-09
296.296048,4.949469226090202e-09
297.752411,3.0703177803386546e-09
300.464281,2.4960016892725e-09
301.920644,2.452656871552235e-09
303.377007,2.4439662000685913e-09
307.54524,2.4439662000685913e-09
309.001604,2.4439662000685913e-09
310.457967,2.4439662000685913e-09
312.014757,2.4439662000685913e-09
313.471121,2.4439662000685913e-09
316.383847,2.4439662000685913e-09
319.196145,2.4439662000685913e-09
319.597858,2.4439662000685913e-09
322.108872,2.4439662000685913e-09
323.565235,2.4439662000685913e-09
326.885492,2.4439662000685913e-09
328.341854,2.4439662000685913e-09
329.798218,2.4439662000685913e-09
331.25458,2.4439662000685913e-09
332.710943,2.4439662000685913e-09
337.080033,2.4439662000685913e-09
338.536397,2.4439662000685913e-09
339.992759,2.4439662000685913e-09
341.449123,2.4439662000685913e-09
344.361849,2.452656871552235e-09
348.329226,2.476970336652611e-09
349.785589,2.520513726267284e-09
351.241952,2.6498073232249245e-09
352.798744,2.904219216571901e-09
355.71147,3.1552548513201655e-09
357.167833,3.3042251682794193e-09
358.724624,3.4251064614378553e-09
360.381844,3.5953114932118558e-09
363.29457,3.7755243617306965e-09
365.906012,3.934845138639031e-09
367.462803,4.2605618400993505e-09
370.275101,5.350880354458264e-09
371.631036,7.562781891615783e-09
373.087399,9.831474458333514e-09
374.543762,1.0908490923100385e-08
377.858201,1.1059131670726195e-08
380.369215,1.1059131670726195e-08
379.314565,1.1059131670726195e-08
383.281942,1.1059131670726195e-08
386.495953,1.1059131670726195e-08
387.952316,1.1059131670726195e-08
389.408679,1.1059131670726195e-08
390.865042,1.1059131670726195e-08
393.878196,1.1059131670726195e-08
395.334559,1.1059131670726195e-08
396.790922,1.1059131670726195e-08
398.247286,1.1059131670726195e-08
400.758299,1.1059131670726195e-08
404.072738,1.1059131670726195e-08
405.529102,1.1059131670726195e-08
406.985464,1.1059131670726195e-08
408.441828,1.1059131670726195e-08
409.898191,1.1059131670726195e-08
413.865568,1.1059131670726195e-08
415.422359,1.1059131670726195e-08
417.079578,1.1015705512445298e-08
418.63637,1.0985829027535309e-08
420.092733,1.0937200243950213e-08
421.549096,1.0858464816626125e-08
424.260966,1.0792018818477613e-08
425.817758,1.0753556551467248e-08
427.374549,1.0721781531870157e-08
430.186847,1.0678201191618145e-08
431.743638,1.0617161786763096e-08
433.200001,1.0534164171203942e-08
434.656364,1.0446090453579531e-08
436.112728,1.039030914126242e-08
440.180532,1.035217797045633e-08
441.636896,1.0289421654234129e-08
443.09326,1.0222946480795618e-08
444.549622,1.0180944045730405e-08
448.818284,1.0143727774938438e-08
450.274646,1.0108463795187899e-08
451.731009,1.0090995271334917e-08
453.187373,1.0084027520634745e-08
454.643736,1.0076067497444082e-08
456.100099,1.0068636562555227e-08
459.414539,1.0064757215353963e-08
461.925551,1.0062711346745701e-08
462.327264,1.0061062490832677e-08
464.838278,1.0060372429234019e-08
466.294641,1.0060372429234019e-08
467.751005,1.0060372429234019e-08
469.207367,1.0060372429234019e-08
472.120093,1.0060372429234019e-08
473.576457,1.0060372429234019e-08
475.133249,1.0060372429234019e-08
478.045974,1.0060372429234019e-08
479.703194,1.0060372429234019e-08
481.159558,1.0060372429234019e-08
482.615921,1.0060372429234019e-08
484.072283,1.0060372429234019e-08
488.240516,1.0060372429234019e-08
488.541801,1.0060372429234019e-08
491.354099,1.0060372429234019e-08
492.810462,1.0060372429234019e-08
494.266825,1.0060372429234019e-08
495.723188,1.0060372429234019e-08
497.179552,1.0060372429234019e-08
498.635915,1.0060372429234019e-08
502.70372,1.0060372429234019e-08
504.360939,1.0060372429234019e-08
505.817303,1.0060372429234019e-08
507.273666,1.0060372429234019e-08
508.830457,1.0060372429234019e-08
510.28682,1.0060372429234019e-08
513.299974,1.0060062264961176e-08
515.810988,1.005969289092205e-08
517.267351,1.0059561854042707e-08
518.723715,1.0059430817163363e-08
520.180078,1.0059371607397083e-08
521.736869,1.0059371607397083e-08
524.95088,1.0059371607397083e-08
527.562322,1.0059371607397083e-08
529.018685,1.0059371607397083e-08
530.475048,1.0059371607397083e-08
531.931412,1.0059371607397083e-08
533.387774,1.0059371607397083e-08
534.844137,1.0059371607397083e-08
537.656435,1.0059371607397083e-08
539.112799,1.0059371607397083e-08
539.514511,1.0059371607397083e-08
542.025525,1.0059371607397083e-08
545.038679,1.0059371607397083e-08
546.595471,1.0059371607397083e-08
548.051834,1.0059371607397083e-08
549.709053,1.005832306943607e-08
552.220067,1.0055260815988938e-08
553.776858,1.0053215809925191e-08
555.534507,1.0053215809925191e-08
556.990869,1.0053215809925191e-08
558.447232,1.0053215809925191e-08
559.903596,1.0053215809925191e-08
561.359958,1.0053215809925191e-08
565.729048,1.0053215809925191e-08
568.240062,1.0053215809925191e-08
568.641774,1.0053215809925191e-08
571.253216,1.0053215809925191e-08
572.609151,1.0053215809925191e-08
573.010864,1.0053215809925191e-08
575.521878,1.0053215809925191e-08
576.978241,1.0053215809925191e-08
578.434603,1.0053215809925191e-08
581.548187,1.0053215809925191e-08
583.004549,1.0053215809925191e-08
584.460912,1.0053215809925191e-08
587.574495,1.0053215809925191e-08
589.030859,1.0053215809925191e-08
591.541872,1.0056839651285327e-08
591.943584,1.006577686607318e-08
594.454598,1.0078009415067008e-08
595.910961,1.0090501231578276e-08
599.225401,1.0105154969527277e-08
600.681764,1.0175003967475912e-08
602.138128,1.0354379538239335e-08
604.64914,1.0557385245267018e-08
605.050853,1.066353597720443e-08
607.561867,1.0691402997623433e-08
610.474593,1.0710607260430803e-08
612.232241,1.0744344160491578e-08
613.688604,1.079466188138819e-08
615.144968,1.0862502923960863e-08
616.60133,1.0925037599469866e-08
620.669135,1.100059924404142e-08
622.125499,1.1147794114555625e-08
623.581862,1.130564445318257e-08
625.038224,1.1389980083140186e-08
626.600903,1.144157541311273e-08
628.057266,1.1517190234781685e-08
630.869565,1.1633303671156582e-08
632.325928,1.1772331150896081e-08
635.238654,1.1907291828689453e-08
636.996301,1.204609767816067e-08
638.452665,1.217059606331395e-08
639.909028,1.2265221525976683e-08
641.365391,1.2364631101194892e-08
645.433196,1.2490067472738104e-08
646.889559,1.2642466635452354e-08
648.345922,1.2789898723402312e-08
649.802285,1.2901225240524294e-08
651.258649,1.298641304640298e-08
652.715012,1.3065585225302776e-08
655.627738,1.3189550744010892e-08
658.540464,1.338191841864184e-08
659.996827,1.356922832881492e-08
661.45319,1.3703368434068848e-08
662.909553,1.3817984810079193e-08
664.365916,1.3931782910768407e-08
665.82228,1.4039584497500191e-08
666.223993,1.4151873891248101e-08
671.647733,1.4304983646201896e-08
673.304952,1.4512930055546118e-08
674.761315,1.4723223163820413e-08
676.11725,1.4896231078244823e-08
674.962172,1.5022148952375928e-08
679.230833,1.512344840904428e-08
681.942703,1.5283747923117525e-08
683.499494,1.5502880159135552e-08
684.955857,1.568835828300042e-08
686.412221,1.5826501082688954e-08
690.580453,1.598344168118587e-08
692.137245,1.6192677095816265e-08
693.593608,1.6416217677882598e-08
695.049972,1.660381256164272e-08
696.405906,1.6747413886875012e-08
697.86227,1.6883771797213256e-08
699.318632,1.70365492009037e-08
702.633072,1.7224767962902163e-08
704.089434,1.748163983276095e-08
705.545798,1.7739094378784384e-08
707.002161,1.791562416085888e-08
708.458524,1.8080544254989245e-08
709.914887,1.8281273535244746e-08
714.283977,1.848078437393416e-08
715.74034,1.8713091605186353e-08
717.196703,1.896867971195823e-08
718.653066,1.915696686002625e-08
720.10943,1.9297868096594932e-08
721.565792,1.9467011366362265e-08
724.177234,1.9680546784590516e-08
725.834453,1.992340989216234e-08
728.445895,2.01648019559515e-08
728.847608,2.0374909181624255e-08
731.358622,2.0559147160726546e-08
732.814985,2.0737387270274208e-08
734.673061,2.0911197639515362e-08
738.640438,2.1128478981297684e-08
740.096801,2.1418303292442027e-08
741.553164,2.1682177437181294e-08
743.009527,2.1873182871739415e-08
743.41124,2.2046067110351273e-08
746.022681,2.2238914077190017e-08
749.236692,2.2496646988131165e-08
750.693055,2.2806942578040742e-08
752.149418,2.30767686146545e-08
753.605782,2.3267650577985076e-08
755.062145,2.3434357581152516e-08
756.518508,2.3647512721958313e-08
757.974871,2.387882048468543e-08
762.34396,2.411562323161792e-08
763.800324,2.444395263264018e-08
765.256688,2.4805964394252814e-08
766.713051,2.5089284371436337e-08
768.169414,2.5325005639315963e-08
770.680427,2.5564259268772646e-08
772.13679,2.582708122490332e-08
775.45123,2.6114430456838415e-08
776.907592,2.641752655803167e-08
779.418606,2.6710135727261693e-08
779.820319,2.695184051308077e-08
782.331332,2.7173477363012015e-08
783.787695,2.7411050547701968e-08
787.102135,2.7670876681905423e-08
788.558497,2.8015989421309702e-08
790.014861,2.8402487052174918e-08
791.471224,2.868434793105544e-08
792.927587,2.8885595706072958e-08
797.296676,2.9139610317741272e-08
798.75304,2.9484788159129612e-08
801.264053,2.9853779791612934e-08
802.720417,3.015922830834092e-08
804.377635,3.038818359151737e-08
805.833999,3.059597314378407e-08
807.290362,3.0783173210690536e-08
811.458595,3.101047574775914e-08
812.914958,3.1384122439384945e-08
813.316671,3.176382818275553e-08
814.773035,3.200826803722922e-08
817.284048,3.2169825601742486e-08
817.685761,3.232211321692648e-08
821.853994,3.2568074357345156e-08
823.410785,3.29074583243203e-08
824.867148,3.3194617200250494e-08
826.323511,3.338804016820301e-08
829.336666,3.358817486434112e-08
830.79303,3.386171167262062e-08
833.40447,3.4157463559455274e-08
833.705756,3.440405741965964e-08
836.216769,3.4607424722740765e-08
836.618482,3.4787602273511855e-08
839.43078,3.495974987453418e-08
840.887143,3.515810180685964e-08
842.443934,3.538665892776895e-08
843.900298,3.5627763956720604e-08
845.35666,3.582527575191549e-08
849.324037,3.598144583500632e-08
850.981256,3.620196889983628e-08
852.43762,3.647550964296575e-08
855.249918,3.673759610478086e-08
857.007566,3.699478498004905e-08
859.518579,3.723524173988467e-08
859.920292,3.744228948921165e-08
861.376655,3.761992339442457e-08
863.887669,3.779341732465434e-08
865.344032,3.7976364672125506e-08
865.745744,3.8142072940368905e-08
870.114835,3.8301690004229085e-08
871.571197,3.849425074669718e-08
873.02756,3.870770457439233e-08
874.483924,3.892230394102616e-08
875.940287,3.9134669258997426e-08
877.39665,3.931957204710888e-08
878.853013,3.947598614686585e-08
883.222102,3.9661295234220596e-08
884.678466,3.98885144923814e-08
886.134829,4.0100728376040914e-08
888.645842,4.029765274412319e-08
890.102205,4.053730483075425e-08
891.558568,4.080608535835741e-08
893.014932,4.1031373393559574e-08
896.32937,4.121260473479766e-08
897.785734,4.136256474465015e-08
900.296748,4.14799189793927e-08
901.953967,4.1611647607176396e-08
903.209474,4.176819833576521e-08
904.665837,4.194963872350071e-08
906.423485,4.2141865683811076e-08
907.879848,4.226823702150567e-08
909.43664,4.2334428436677014e-08
911.947653,4.242439612430443e-08
914.860379,4.2563028768392864e-08
915.262091,4.273541853725592e-08
917.873534,4.2967648143135616e-08
920.78626,4.327295644043841e-08
922.242623,4.3539210052659394e-08
923.698986,4.367174721976169e-08
927.967647,4.3783313495059384e-08
929.530811,4.400454667092476e-08
930.886746,4.4232825162708806e-08
931.288458,4.433572606037954e-08
932.744822,4.436516673051403e-08
935.255835,4.44152811305662e-08
935.657548,4.4513807474182575e-08
940.026638,4.463761654893044e-08
941.483,4.4773667925841367e-08
942.939363,4.490336589060967e-08
944.395726,4.50082561663856e-08
945.85209,4.511021486697805e-08
947.308453,4.5226302645176414e-08
948.764816,4.538048303363351e-08
953.133905,4.555297886419351e-08
954.590269,4.569441526978736e-08
956.046632,4.581232011096289e-08
957.502995,4.590551047317779e-08
958.959358,4.5977632570288673e-08
960.415722,4.60609566576878e-08
961.872085,4.6154007886378584e-08
966.140746,4.626081535995651e-08
967.597109,4.640452821749061e-08
969.053472,4.656822881869263e-08
970.610263,4.671924017975023e-08
972.066627,4.684417474085246e-08
973.52299,4.693936398173353e-08
974.979353,4.701463955295617e-08
976.435716,4.708462534517564e-08
980.804805,4.716690425065112e-08
982.261168,4.729196386303026e-08
983.717531,4.745510928657571e-08
985.173895,4.7590955569950154e-08
986.630259,4.7684977045395496e-08
990.999347,4.7799098380462836e-08
992.45571,4.792522394997868e-08
993.912074,4.801509405094356e-08
996.423087,4.8085771956662874e-08
997.879451,4.815073238196209e-08
999.335813,4.820720036444961e-08
1000.792177,4.8293534702470283e-08
1004.106616,4.843865588005571e-08
1006.61763,4.859313295584786e-08
1007.019342,4.869397966267967e-08
1009.630784,4.8746552029907895e-08
1008.475705,4.880899147356333e-08
1012.54351,4.891976601581709e-08
1012.844795,4.904734012041423e-08
1017.213885,4.9176419809812355e-08
1018.670248,4.93132919217462e-08
1020.12661,4.94362431807545e-08
1021.582974,4.9548195659370065e-08
1023.039337,4.9638258915079445e-08
1025.952063,4.969231381867646e-08
1028.663933,4.974092548718208e-08
1030.120296,4.979646758553564e-08
1031.777516,4.9878572698766046e-08
1033.233879,5.00189498339566e-08
1034.690243,5.015572271803731e-08
1036.146605,5.021773254496094e-08
1037.602969,5.0240732534310746e-08
1039.059331,5.0274093053945335e-08
1041.87163,5.032246032485621e-08
1044.583499,5.0402038483512614e-08
1047.395798,5.053010925721952e-08
1048.852161,5.065227339024299e-08
1049.253874,5.072210417125433e-08
1051.764887,5.077408119008356e-08
1052.1666,5.0821660886460856e-08
1053.622963,5.086067507552591e-08
1057.992053,5.092164695524745e-08
1059.448416,5.100436156915167e-08
1060.904779,5.1080702692234344e-08
1062.361142,5.113849080119467e-08
1063.817506,5.117553857377775e-08
1065.273869,5.120611890832976e-08
1069.642958,5.126853841609404e-08
1071.099321,5.138450268028398e-08
1072.555685,5.1502579413585134e-08
1074.012047,5.157681036361938e-08
1075.468411,5.1627563163668187e-08
1076.924774,5.166520304298404e-08
1078.381137,5.168346134006263e-08
1082.54937,5.171198683257532e-08
1084.005733,5.1782955625687916e-08
1085.462096,5.186711257561e-08
1086.91846,5.193368841922202e-08
1090.032042,5.2001654030521363e-08
1092.543056,5.2077968298122425e-08
1093.999419,5.2144006453043594e-08
1094.401131,5.2196265806094384e-08
1096.912145,5.224834188949095e-08
1100.226584,5.2327099473452683e-08
1101.682947,5.243570334397751e-08
1103.139311,5.251873211088383e-08
1104.595673,5.255042914773006e-08
1106.052037,5.2564334115660933e-08
1107.508399,5.258032343667102e-08
1111.676632,5.259883753909986e-08
1113.132996,5.261838206578294e-08
1114.589359,5.264697221438586e-08
1116.045722,5.2692198770132874e-08
1117.502085,5.2750472897305316e-08
1121.670319,5.2841939177676365e-08
1123.22711,5.2962174220816696e-08
1124.683474,5.3052065253444965e-08
1126.039408,5.309253281079129e-08
1127.495771,5.310942326821515e-08
1128.952134,5.3136658523200543e-08
1132.065717,5.3206717676274004e-08
1133.52208,5.329575479463353e-08
1135.078872,5.3356727395304104e-08
1136.535235,5.339692803591808e-08
1140.603039,5.345337522795904e-08
1141.004752,5.3530006993878376e-08
1143.515765,5.359731871856203e-08
1144.972129,5.365140504859543e-08
1146.52892,5.3708475475355574e-08
1147.985284,5.3772753945000724e-08
1149.341218,5.384422171500724e-08
1152.655657,5.3907635745243206e-08
1154.11202,5.395792066243282e-08
1155.568384,5.4017690413312964e-08
1157.024747,5.408821167668463e-08
1158.481111,5.414941493731147e-08
1162.448487,5.420291241881239e-08
1163.90485,5.425457539864191e-08
1165.361213,5.430609330739652e-08
1165.762926,5.436840184488663e-08
1170.132016,5.442713200866548e-08
1171.588378,5.447152982090325e-08
1173.044742,5.45219968473835e-08
1174.501105,5.457321056667471e-08
1175.957468,5.460798929544886e-08
1178.56891,5.463811740599978e-08
1181.782921,5.46430872945901e-08
1183.239284,5.46430872945901e-08
1184.695647,5.46430872945901e-08
1186.15201,5.46430872945901e-08
1187.608373,5.46430872945901e-08
1189.064736,5.46430872945901e-08
1190.5211,5.46430872945901e-08
1191.977463,5.46430872945901e-08
1196.346552,5.46430872945901e-08
1197.802915,5.46430872945901e-08
1200.313929,5.46430872945901e-08
1200.715641,5.46430872945901e-08
1202.172005,5.46430872945901e-08
1203.628368,5.46430872945901e-08
1205.084731,5.46430872945901e-08
1209.353393,5.46430872945901e-08
1210.809755,5.46430872945901e-08
1212.266119,5.46430872945901e-08
1213.722481,5.46430872945901e-08
1217.790286,5.46430872945901e-08
1219.246649,5.454881303566902e-08
1220.903869,5.4338214544671125e-08
1222.259804,5.4115066863838405e-08
1223.615739,5.3986573633162566e-08
1225.473815,5.3930746834850245e-08
1228.386542,5.3877503544719846e-08
1229.848296,5.383607960570008e-08
1231.30466,5.3832623887503743e-08
1232.761023,5.3832623887503743e-08
1234.217386,5.3832623887503743e-08
1235.67375,5.3832623887503743e-08
1240.042839,5.3832623887503743e-08
1241.499202,5.3832623887503743e-08
1244.010215,5.3832623887503743e-08
1244.411929,5.3832623887503743e-08
1245.868292,5.3832623887503743e-08
1248.479733,5.3832623887503743e-08
1249.936096,5.3832623887503743e-08
1254.305186,5.3832623887503743e-08
1255.761549,5.3832623887503743e-08
1257.117484,5.3832623887503743e-08
1258.573847,5.3832623887503743e-08
1260.03021,5.3832623887503743e-08
1261.587001,5.3832623887503743e-08
1264.499728,5.3832623887503743e-08
1266.156947,5.3832623887503743e-08
1267.61331,5.3832623887503743e-08
1269.069674,5.384846478469567e-08
1273.137479,5.3875030944472204e-08
1274.593842,5.390475371329298e-08
1276.150633,5.392178336699594e-08
1277.506568,5.3932397038417716e-08
1278.962931,5.394191131770366e-08
1280.419295,5.394805354795104e-08
1283.733733,5.3954351851451836e-08
1286.244747,5.396336508053118e-08
1287.70111,5.397463348407974e-08
1289.257902,5.398704213857937e-08
1290.714265,5.399743908526491e-08
1292.271056,5.4003189592452954e-08
1293.928276,5.4005606741719886e-08
1295.384639,5.400736290403368e-08
1297.99608,5.400966610129881e-08
1299.452444,5.4015019832208766e-08
1300.908807,5.402145194570395e-08
1302.666455,5.402585286046857e-08
1306.633831,5.403028046584612e-08
1308.291051,5.403344342838774e-08
1309.948271,5.403407620162296e-08
1311.404634,5.4034493965382794e-08
1312.860996,5.4036167994895934e-08
1315.37201,5.4039070489449936e-08
1315.773723,5.4042547599794897e-08
1320.142812,5.404651467119561e-08
1321.599175,5.405194108827989e-08
1324.110189,5.405952335848398e-08
1324.511902,5.406650332598321e-08
1327.3242,5.4070381229910913e-08
1328.780564,5.4072969511917667e-08
1330.236926,5.407676564715892e-08
1331.793718,5.408137902857825e-08
1333.25008,5.408438053425647e-08
1334.706444,5.4085958274730906e-08
1336.162807,5.4088736083003244e-08
1338.673821,5.409374378247807e-08
1341.887832,5.4099139253085386e-08
1343.344194,5.410224625498826e-08
1344.800558,5.4102979461062593e-08
1346.256921,5.4103137150375525e-08
1347.713284,5.410403579322112e-08
1351.881517,5.410735121949704e-08
1353.33788,5.4118047848547456e-08
1354.794243,5.413720585136183e-08
1356.250607,5.415823999006179e-08
1357.807398,5.417983345963575e-08
1359.263761,5.4197930420928944e-08
1360.920981,5.420808731197599e-08
1363.833707,5.42193682961613e-08
1365.29007,5.4233497003597716e-08
1366.746433,5.424327298627466e-08
1368.202797,5.424784747075704e-08
1369.65916,5.425023720073746e-08
1373.726964,5.42529439272193e-08
1375.183328,5.425687183058637e-08
1376.639691,5.4260400808658496e-08
1378.096053,5.426162021205659e-08
1379.552417,5.426244042173193e-08
1382.766428,5.4264090078597925e-08
1385.277441,5.426492876330388e-08
1385.679155,5.4265491445012487e-08
1387.135517,5.4266607696873947e-08
1389.746959,5.4267179868016964e-08
1391.303751,5.426728632303088e-08
1392.760114,5.426748050610899e-08
1395.572411,5.426757759764804e-08
1397.129203,5.426757759764804e-08
1398.585567,5.426757759764804e-08
1400.04193,5.426757759764804e-08
1403.155512,5.426757759764804e-08
1404.611875,5.426757759764804e-08
1406.068239,5.426757759764804e-08
1407.524602,5.426757759764804e-08
1410.035615,5.426757759764804e-08
1411.893691,5.426757759764804e-08
1414.404705,5.426757759764804e-08
1415.861068,5.426757759764804e-08
1417.317431,5.426757759764804e-08
1418.773794,5.426757759764804e-08
1423.142884,5.426757759764804e-08
1424.599247,5.426757759764804e-08
1426.156038,5.426757759764804e-08
1427.612401,5.426757759764804e-08
1428.968336,5.426757759764804e-08
1430.525128,5.426757759764804e-08
1433.739139,5.426757759764804e-08
1436.250152,5.4267209041735453e-08
1436.651865,5.426647192991027e-08
1439.263306,5.426610337399768e-08
1439.564591,5.426610337399768e-08
1442.176033,5.426610337399768e-08
1442.477317,5.426610337399768e-08
1445.088759,5.426610337399768e-08
1448.30277,5.426610337399768e-08
1449.759132,5.4265652383196295e-08
1451.215496,5.4264750401593523e-08
1453.72651,5.426429941079214e-08
1455.182872,5.426412187403591e-08
1455.584586,5.426376680052347e-08
1458.497312,5.4263589263767244e-08
1461.30961,5.426240128075311e-08
1462.765973,5.426002531472485e-08
1464.322764,5.4258485053803573e-08
1466.934207,5.425667825336773e-08
1468.390569,5.425412148621746e-08
1469.746505,5.424984076281086e-08
1471.202867,5.423995912760611e-08
1472.759659,5.42297312935517e-08
1475.772814,5.422368233499693e-08
1477.329604,5.4218633773156794e-08
1478.785968,5.421610949223672e-08
1480.242331,5.421610949223672e-08
1484.410564,5.421610949223672e-08
1485.766499,5.421610949223672e-08
1487.32329,5.421542471590398e-08
1488.679225,5.4211380934604306e-08
1490.135589,5.420464534962845e-08
1491.692379,5.4199586182225364e-08
1494.705534,5.4195915596469815e-08
1496.161898,5.4192045454257196e-08
1497.618261,5.4188794673593525e-08
1499.27548,5.418595555554021e-08
1503.443713,5.418167966850657e-08
1504.900077,5.4172298780140717e-08
1506.35644,5.415585980944981e-08
1507.812802,5.4140808209603464e-08
1509.269166,5.413357123310771e-08
1513.437399,5.412743804589828e-08
1514.893762,5.411767144361732e-08
1516.350125,5.4105538297810153e-08
1517.806488,5.4094569642825864e-08
1519.363279,5.408228781207484e-08
1520.719215,5.4062473243320775e-08
1524.033654,5.4043425017375104e-08
1526.544667,5.4034421067477786e-08
1528.001031,5.402860296657927e-08
1529.457394,5.401932712757835e-08
1530.921283,5.4011023144085715e-08
1532.377646,5.400739443525659e-08
1533.834009,5.4004149199249264e-08
1535.290372,5.399797843572859e-08
1538.604811,5.399046034588631e-08
1540.061175,5.398009806560806e-08
1541.517538,5.396748466954182e-08
1542.973901,5.395854773354215e-08
1544.430264,5.395428773255609e-08
1545.886628,5.395428773255609e-08
1547.342991,5.395428773255609e-08
1551.71208,5.395428773255609e-08
1553.168443,5.395428773255609e-08
1554.624807,5.395428773255609e-08
1556.08117,5.395428773255609e-08
1557.537533,5.395428773255609e-08
1558.993896,5.395428773255609e-08
1560.450259,5.395428773255609e-08
1564.819348,5.395428773255609e-08
1566.275712,5.395428773255609e-08
1567.732074,5.395428773255609e-08
1569.188438,5.395428773255609e-08
1570.644801,5.395428773255609e-08
1572.101164,5.395428773255609e-08
1575.013891,5.395428773255609e-08
1576.470254,5.395428773255609e-08
1578.981267,5.395428773255609e-08
1579.38298,5.395428773255609e-08
1583.752069,5.395428773255609e-08
1586.263083,5.3957184744723276e-08
1587.719446,5.3958844682976076e-08
1589.276238,5.395898563775554e-08
1589.577522,5.396155186162955e-08
1591.033886,5.396528926834409e-08
1593.544899,5.3966460451184616e-08
1595.001262,5.3966460451184616e-08
1598.014416,5.3966460451184616e-08
1599.571207,5.3966460451184616e-08
1601.02757,5.3966460451184616e-08
1602.483934,5.3966460451184616e-08
1604.141154,5.3966460451184616e-08
1605.597516,5.3966460451184616e-08
1608.10853,5.3966460451184616e-08
1609.564894,5.3966460451184616e-08
1609.966606,5.3966460451184616e-08
1611.422969,5.3966460451184616e-08
1614.235267,5.39678554922181e-08
1617.248422,5.396925053325159e-08
1618.704785,5.396925053325159e-08
1620.161148,5.396925053325159e-08
1621.617511,5.396925053325159e-08
1623.073874,5.396925053325159e-08
1624.530237,5.396925053325159e-08
1625.986601,5.396925053325159e-08
1627.442964,5.396925053325159e-08
1630.35569,5.396925053325159e-08
1633.268417,5.396925053325159e-08
1634.724779,5.396925053325159e-08
1636.181143,5.396925053325159e-08
1637.637506,5.39699124923038e-08
1639.093869,5.397123641040822e-08
1641.604883,5.397189836946043e-08
1643.061246,5.397189836946043e-08
1644.718465,5.397189836946043e-08
1646.174829,5.3972976455229634e-08
1647.631191,5.397513262676803e-08
1649.187983,5.397621071253724e-08
1651.799425,5.397621071253724e-08
1653.255788,5.397661888265199e-08
1654.712151,5.3977435222881504e-08
1657.624877,5.397784339299626e-08
1659.081241,5.398225338171145e-08
1660.537604,5.399729355553914e-08
1663.852043,5.402007168347825e-08
1665.308406,5.4073066009821173e-08
1666.764769,5.4308900064942355e-08
1668.221132,5.497438380509603e-08
1671.033431,5.6344304253556754e-08
1672.489793,5.855548909379832e-08
1673.946156,6.111426020988538e-08
1675.40252,6.353935803793006e-08
1676.959312,6.628585132195473e-08
1680.926688,7.006048796776941e-08
1682.383051,7.452201107569285e-08
1683.839414,7.823078122195541e-08
1685.295777,8.059407167991556e-08
1686.75214,8.231649307153285e-08
1690.066579,8.427047785950949e-08
1694.938442,8.751948678542082e-08
1697.525466,9.237180029311331e-08
1698.969619,9.717401069639473e-08
1700.413774,1.0031910822621689e-07
1703.101226,1.0248641086579249e-07
1704.444952,1.0487537793388275e-07
1705.788678,1.0724766062842615e-07
1708.47613,1.0952430987839758e-07
1711.163583,1.1250158598213223e-07
1712.507308,1.1584898494036682e-07
1718.259076,1.1937664180750803e-07
1720.92363,1.2422484604871185e-07
1722.306121,1.2945179995656116e-07
1723.688611,1.329826948560577e-07
1725.071103,1.3511641605762882e-07
1726.453594,1.3703778971957078e-07
1727.836085,1.3910496951344585e-07
1730.90235,1.4170757512481592e-07
1732.284842,1.4520995853711616e-07
1733.667332,1.4878111220231122e-07
1736.13103,1.5172452970810237e-07
1737.51352,1.5424921407827453e-07
1740.579786,1.566146165463838e-07
1743.043483,1.596742187456849e-07
1744.425974,1.6345145342555939e-07
1745.808464,1.6663537644862885e-07
1747.190956,1.6878339353253833e-07
1750.056365,1.707383689866824e-07
1752.720919,1.7381560853336805e-07
1754.404695,1.779955275708858e-07
1755.787185,1.8180904590555635e-07
1758.451739,1.847465442520617e-07
1759.834229,1.8734619359626053e-07
1761.317149,1.8980564578715456e-07
1762.699639,1.9195191675196608e-07
1766.545827,1.942408915847433e-07
1767.928319,1.9744005171730622e-07
1769.310809,2.00802268852335e-07
1770.6933,2.0319357851657214e-07
1776.813865,2.0589296186388694e-07
1779.111397,2.1039339321232609e-07
1780.310377,2.1461942113259397e-07
1781.509357,2.1640497291748893e-07
1782.708336,2.1681636431223042e-07
1784.108173,2.1730612001115604e-07
1787.504255,2.1900044735280232e-07
1788.904092,2.225013245357049e-07
1791.201623,2.265018173732116e-07
1792.400604,2.2958360999844404e-07
1793.599583,2.3156410367546113e-07
1797.096094,2.3335419333478244e-07
1798.295074,2.3597621897637516e-07
1799.494054,2.3847608183904217e-07
1801.992442,2.4013616243194485e-07
1803.291849,2.421481447589003e-07
1806.888789,2.4456615420054436e-07
1808.087769,2.4646472663493906e-07
1809.286748,2.47684621156557e-07
1810.485728,2.485148605029537e-07
1811.684708,2.493980909273533e-07
1814.082668,2.5045917753472874e-07
1817.378323,2.514560593298246e-07
1816.279771,2.523864106556764e-07
1819.87671,2.5329233248619437e-07
1822.375099,2.5400989004744455e-07
1823.674506,2.545558654369354e-07
1825.771182,2.553508556405231e-07
1828.470426,2.56669420287925e-07
1829.669405,2.57921418426034e-07
1831.87291,2.5862395648286535e-07
1833.272746,2.590225324196846e-07
1836.869685,2.5955547955784826e-07
1838.068665,2.6060867897167927e-07
1839.267645,2.617317486286482e-07
1840.466625,2.6233427757773523e-07
1843.76228,2.6272098286257513e-07
1845.061688,2.631539861429708e-07
1846.461524,2.63669588470728e-07
1848.759056,2.6431799876617594e-07
1854.854383,2.6504929538222774e-07
1856.053362,2.659467129854611e-07
1857.252342,2.66788756942267e-07
1859.650302,2.672505726045376e-07
1861.847406,2.6758765119857e-07
1862.945957,2.6808813044791765e-07
1865.343916,2.6876796582820067e-07
1868.04316,2.695625633938721e-07
1869.242141,2.702940668561604e-07
1871.338816,2.7076993882030945e-07
1871.6401,2.710797150190861e-07
1875.136611,2.714844485148742e-07
1880.863585,2.7295112032644333e-07
1883.860631,2.763441817436391e-07
1885.409369,2.796981277814381e-07
1886.958106,2.810952145301569e-07
1888.7077,2.815297204928035e-07
1890.256436,2.8187173241712556e-07
1891.805174,2.8211380768508355e-07
1893.353911,2.8234511821292027e-07
1894.902648,2.825741526260215e-07
1896.451385,2.828400847815842e-07
1900.89674,2.8313439726045954e-07
1902.445477,2.833747274402837e-07
1903.994215,2.8364787128480036e-07
1905.643381,2.840853277063629e-07
1907.192118,2.8459011201900797e-07
1908.640426,2.8501702231084975e-07
1911.737901,2.8534693190794503e-07
1913.286638,2.8558134376845147e-07
1914.835375,2.857400816596234e-07
1916.384112,2.8589472007253185e-07
1917.932849,2.861607280188313e-07
1919.682443,2.865927899609462e-07
1921.23118,2.870071677712704e-07
1922.779917,2.87235773158749e-07
1924.328655,2.873988324015258e-07
1925.877392,2.8769074053251684e-07
1927.426129,2.8812301749194477e-07
1931.871484,2.884866991454474e-07
1933.420221,2.88648589597044e-07
1935.069387,2.887143948519876e-07
1936.618124,2.8892052189787717e-07
1938.267289,2.894218746874574e-07
1939.61517,2.8995765130661337e-07
1941.364763,2.9024538124037627e-07
1942.913501,2.905291165031353e-07
1944.462238,2.910655227265141e-07
1946.010975,2.9159653920117084e-07
1947.559712,2.918879308983327e-07
1950.657186,2.920809657677474e-07
1952.205923,2.922645693836309e-07
1953.754661,2.9243031574429416e-07
1955.303398,2.926179404958035e-07
1958.400872,2.9281024426444567e-07
1959.949609,2.929917272675184e-07
1962.846227,2.931792007118133e-07
1964.394964,2.933206851322837e-07
1965.943702,2.933917806876913e-07
1963.047084,2.9348028604771176e-07
1969.041176,2.9370338124002555e-07
1970.589913,2.940495559081225e-07
1972.339507,2.9433778435948177e-07
1973.888244,2.944742251632065e-07
1976.985718,2.9454431439003916e-07
1978.534456,2.946292228262921e-07
1981.431074,2.9473602131042436e-07
1982.979811,2.9484549044476935e-07
1984.528548,2.949523193958492e-07
1986.077285,2.950708562464687e-07
1987.72645,2.9519841629779907e-07
1989.275188,2.9529422723284224e-07
1990.924353,2.9536766780582446e-07
1992.47309,2.954954677025752e-07
1995.369709,2.9566768240472553e-07
1996.918445,2.958015231721802e-07
1998.467183,2.958896925463711e-07
2000.01592,2.959565922057777e-07
2001.564657,2.960458924756287e-07
2003.113394,2.9622518545043116e-07
2004.662131,2.9643325553865934e-07
2006.210868,2.9657683881463186e-07
2007.759605,2.9670621662547353e-07
2011.057936,2.968647123412727e-07
2012.606673,2.9698784565474327e-07
2014.15541,2.9706952269536245e-07
2015.704148,2.971835677377681e-07
2017.252885,2.973351510689507e-07
2018.801622,2.9749485941458064e-07
2021.899097,2.976355285368351e-07
2023.447834,2.977478310685057e-07
2024.996571,2.9787026421177635e-07
2026.545307,2.979789014010282e-07
2028.094045,2.9803706949232154e-07
2029.642783,2.9808946998974526e-07
2031.191519,2.9815537802226255e-07
2032.740257,2.982309422594565e-07
2034.288994,2.9832866069636565e-07
2035.837731,2.9842195803668564e-07
2037.386468,2.985018764344225e-07
2040.483943,2.9864010576151273e-07
2043.38056,2.988556510703124e-07
2044.929298,2.9903392153011e-07
2046.478034,2.991187938327594e-07
2048.026772,2.9917570327197983e-07
2048.227628,2.992645933258698e-07
2052.87384,2.994008195836306e-07
2054.422577,2.995214910589052e-07
2055.971314,2.995781009117624e-07
2057.520051,2.996306190545406e-07
2059.068789,2.997398949612242e-07
2060.617526,2.9987784832188976e-07
2062.166263,2.9998627567407466e-07
2063.715,3.000809774288406e-07
2065.263737,3.001821176062516e-07
2068.160355,3.002732476214136e-07
2069.709092,3.0036998048069825e-07
2071.25783,3.0046521438373943e-07
2072.806566,3.005961766039124e-07
2074.355304,3.008290185907684e-07
2075.904041,3.0104165011020264e-07
2077.452778,3.0113229893986894e-07
2080.751109,3.012470689652614e-07
2082.299846,3.0148008907849113e-07
2083.848584,3.0169292783501225e-07
2085.39732,3.0183530251999454e-07
2086.946057,3.020346726928595e-07
2088.494795,3.0224891942113085e-07
2090.043532,3.0236673590781496e-07
2091.592269,3.024422317396808e-07
2094.589315,3.025113182031084e-07
2096.037625,3.0256567548329267e-07
2097.586362,3.026230277886751e-07
2099.135098,3.026723869843746e-07
2102.232573,3.02716661714976e-07
2103.982167,3.027813961955338e-07
2105.530904,3.0284544362946775e-07
2108.427521,3.0288073011875357e-07
2109.976259,3.029081814474895e-07
2111.524996,3.0295393925924385e-07
2113.174161,3.0301566417066313e-07
2114.62247,3.030794994191502e-07
2116.171207,3.0312858825521955e-07
2117.719944,3.031574077923725e-07
2119.36911,3.0318473056673704e-07
2120.917847,3.0321939498261106e-07
2122.567013,3.032579142934739e-07
2124.11575,3.03307076399724e-07
2125.664487,3.033544269820338e-07
2127.213224,3.0337908839870506e-07
2131.65858,3.0338920515368e-07
2133.207316,3.0340388026992825e-07
2134.762707,3.034326043544972e-07
2136.411872,3.0346851194368687e-07
2137.860182,3.035242993490466e-07
2139.408919,3.035942219470121e-07
2140.957656,3.0362585916240707e-07
2142.506393,3.0362585916240707e-07
2144.05513,3.0362585916240707e-07
2145.704295,3.0362585916240707e-07
2147.152605,3.0365746762644236e-07
2150.450935,3.037240195530024e-07
2151.999673,3.037673797682092e-07
2154.896291,3.0381269559250934e-07
2153.54841,3.039119031387379e-07
2157.993764,3.040077917074258e-07
2159.542502,3.040544646295465e-07
2161.091239,3.0412253666994714e-07
2162.639976,3.0426054018008376e-07
2164.188713,3.0439045196933173e-07
2165.938307,3.044618717424e-07
2167.487044,3.045241384919551e-07
2169.035781,3.046006510977702e-07
2170.584519,3.046640005203444e-07
2172.133255,3.0470812433707375e-07
2173.681993,3.0474733960323e-07
2176.779467,3.047874265512061e-07
2178.328205,3.048412006143839e-07
2181.224823,3.049067794892543e-07
2182.77356,3.0496099824607167e-07
2184.422725,3.0500963310782327e-07
2186.07189,3.050700549789785e-07
2187.620628,3.051324224253849e-07
2189.169365,3.051768761830238e-07
2190.718102,3.0521872697067595e-07
2192.266839,3.0528681611520357e-07
2193.815576,3.053770773796171e-07
2195.364313,3.05487991076371e-07
2196.913051,3.0560864806201214e-07
2198.461788,3.05703733518879e-07
2201.458833,3.0577847148828044e-07
2202.907142,3.0586203005924796e-07
2204.45588,3.059541932248614e-07
2206.004617,3.0604258779505924e-07
2209.302948,3.06114819052159e-07
2210.851685,3.0616722351704604e-07
2212.400422,3.062121128092603e-07
2212.299994,3.062544321180225e-07
2216.946205,3.062890371455849e-07
2218.494943,3.0631817131429056e-07
2220.144108,3.06353412276391e-07
2221.692845,3.063974660260966e-07
2223.241583,3.0645899735080703e-07
2224.79032,3.0655939286652834e-07
2227.887794,3.066907696716004e-07
2230.784412,3.068176678732897e-07
2232.333149,3.069208887626044e-07
2233.881886,3.070112417314168e-07
2235.430624,3.070936150482548e-07
2236.97936,3.071593009365022e-07
2238.528098,3.07225505179225e-07
2240.076835,3.0731650197048846e-07
2240.277691,3.0740082638155975e-07
2243.375166,3.0744288091090984e-07
2246.47264,3.0746820269769e-07
2248.021378,3.07499611057871e-07
2249.570114,3.075322373186206e-07
2251.118852,3.0757477988712505e-07
2252.667588,3.0763886061110385e-07
2254.216325,3.077114490532455e-07
2255.765063,3.0777666902519754e-07
2257.3138,3.0783757092152585e-07
2258.862537,3.07897388627467e-07
2260.411274,3.0794130666350776e-07
2261.960012,3.0796101856758524e-07
2263.508749,3.0798223601722e-07
2265.057486,3.0803005783851225e-07
2266.606223,3.0809233260023835e-07
2269.703698,3.081696623852239e-07
2272.600316,3.082810853969677e-07
2274.149053,3.0844622643052557e-07
2275.69779,3.086995017002701e-07
2277.447383,3.089365927218915e-07
2278.99612,3.09075644265325e-07
2280.544858,3.0918558766832325e-07
2282.093595,3.092405593698223e-07
2283.642332,3.092405593698223e-07
2285.191069,3.092405593698223e-07
2286.739806,3.092405593698223e-07
2288.288544,3.092405593698223e-07
2289.837281,3.092405593698223e-07
2291.386018,3.092405593698223e-07
2294.282635,3.092405593698223e-07
2295.831373,3.092405593698223e-07
2297.38011,3.092405593698223e-07
2300.678441,3.092405593698223e-07
2302.227178,3.092405593698223e-07
2305.123796,3.092405593698223e-07
2306.672533,3.092405593698223e-07
2308.221271,3.092405593698223e-07
2309.770008,3.092405593698223e-07
2311.318745,3.092405593698223e-07
2309.970864,3.092405593698223e-07
2314.416219,3.092405593698223e-07
2315.964956,3.092405593698223e-07
2317.614121,3.0921861569009396e-07
2319.162859,3.0916203870932263e-07
2320.711596,3.090996022604671e-07
2323.909499,3.090348189619594e-07
2325.458236,3.089601634858772e-07
2328.354854,3.08879485658921e-07
2329.903591,3.0876075842614965e-07
2331.452328,3.086047166595482e-07
2333.001065,3.08437838408461e-07
2334.650231,3.0824263830158677e-07
2336.198968,3.080342806223916e-07
2337.747705,3.0779953934919464e-07
2339.296442,3.0748205051758983e-07
2340.845179,3.0715271979660845e-07
2342.393916,3.069471604571757e-07
2345.591819,3.0683875211892654e-07
2348.488437,3.0666145144286577e-07
2350.037174,3.063868287612044e-07
2351.585911,3.061347948298795e-07
2353.235077,3.059714650150967e-07
2354.683385,3.0588488023605813e-07
2356.232123,3.05829902193089e-07
2357.78086,3.057708242706939e-07
2359.329597,3.056992652072937e-07
2360.878334,3.056222527305006e-07
2362.427071,3.055604625300613e-07
2365.725402,3.055189911654292e-07
2367.274139,3.054813179135974e-07
2368.822877,3.054274229745602e-07
2370.371614,3.053436259370255e-07
2371.920351,3.052497898379205e-07
2373.469088,3.05188146693811e-07
2375.017825,3.0515993692005703e-07
2376.566563,3.051296730345575e-07
2379.463181,3.050925935913578e-07
2381.212774,3.0506947606918255e-07
2382.761511,3.0505275501068705e-07
2384.310248,3.050136456262176e-07
2385.858985,3.04957241754126e-07
2387.407722,3.049094187892031e-07
2388.95646,3.048687054086664e-07
2390.505197,3.0483684646707103e-07
2390.404768,3.048232162531736e-07
2395.151409,3.048110407676121e-07
2398.248883,3.0478397707310745e-07
2399.596764,3.047307405845629e-07
2401.145501,3.0464238457961535e-07
2402.694238,3.04553747808147e-07
2405.992569,3.0448974887211543e-07
2408.889187,3.0441657015636934e-07
2410.437924,3.0433505597055835e-07
2410.638781,3.0428163850833844e-07
2413.535398,3.042580177957642e-07
2415.084136,3.0419441360612475e-07
2416.833728,3.0402185619195635e-07
2418.382466,3.0383017082347497e-07
2419.931203,3.03717284815634e-07
2421.479941,3.036605611447124e-07
2424.376558,3.036405905695973e-07
2423.028677,3.036405905695973e-07
2427.674889,3.036320052777295e-07
2429.223627,3.0361483469399396e-07
2432.120244,3.0359652013980535e-07
2433.76941,3.0356422600112727e-07
2435.323172,3.0352346109138524e-07
2436.871909,3.0349651691435756e-07
2438.420646,3.0347766427692494e-07
2439.969383,3.034570299912541e-07
2441.618548,3.0344040390959126e-07
2443.167286,3.034280133646033e-07
2444.716022,3.034153866466212e-07
2449.161378,3.034049674095754e-07
2450.710115,3.033930155563252e-07
2452.258852,3.033738809758489e-07
2453.908018,3.0334764324783787e-07
2455.557183,3.033094070226478e-07
2457.10592,3.032652684572231e-07
2460.203394,3.032314221502808e-07
2461.752132,3.032087502922516e-07
2463.100013,3.03191250761036e-07
2464.64875,3.03176506779802e-07
2466.197487,3.031629857281577e-07
2467.746224,3.0314872335738357e-07
2469.294961,3.0312804682903397e-07
2470.843698,3.0309467990401706e-07
2474.142029,3.030463956160966e-07
2475.690766,3.0298841915244515e-07
2477.239503,3.0293063508626327e-07
2478.78824,3.0287806708943074e-07
2480.336978,3.028403017235114e-07
2483.233596,3.0282203314343484e-07
2484.983189,3.027933659134922e-07
2486.531927,3.0271852038916127e-07
2488.080664,3.026191397213142e-07
2490.977282,3.0254721139942115e-07
2489.629401,3.025007128053277e-07
2494.074756,3.0244442179566977e-07
2495.82435,3.023713767363504e-07
2497.373087,3.02296227193807e-07
2498.921824,3.0222363879497825e-07
2501.818442,3.02149506588484e-07
2502.019299,3.0207355371994585e-07
2503.568036,3.0199620577347325e-07
2506.464654,3.019364541071617e-07
2508.013391,3.019033970796071e-07
2509.562128,3.0186735847490346e-07
2511.211293,3.0182171229072495e-07
2514.409195,3.0178941339205914e-07
2515.957932,3.017669427422154e-07
2517.50667,3.0171772508174295e-07
2519.055407,3.016263493846729e-07
2520.604144,3.0153961348325523e-07
2522.152882,3.014908454767622e-07
2523.701619,3.01459614297797e-07
2525.250355,3.0143504909554825e-07
2529.695711,3.014139839027805e-07
2528.34783,3.0138655610695054e-07
2532.793185,3.013586497302857e-07
2534.341922,3.0133535319373613e-07
2535.89066,3.0130880878772863e-07
2537.439397,3.0128320166864974e-07
2539.18899,3.0126484489240224e-07
2540.737727,3.012456848786298e-07
2543.634346,3.0122682733646953e-07
2545.183082,3.012116112717981e-07
2546.731819,3.011866994953417e-07
2548.380985,3.0111925213514074e-07
2549.929723,3.01001782083353e-07
2551.578888,3.0090412011192626e-07
2553.127624,3.00863027906248e-07
2554.676362,3.0083052350951744e-07
2556.225099,3.007912888710058e-07
2559.121717,3.0075882119310293e-07
2559.322574,3.0071506621116177e-07
2560.871311,3.0064871983053465e-07
2562.420047,3.0058787793551633e-07
2563.968785,3.005475279566328e-07
2565.517523,3.0051250965644744e-07
2568.41414,3.004825754895371e-07
2569.962877,3.0045804852884464e-07
2571.712471,3.004281884102733e-07
2573.261208,3.003811898893777e-07
2574.809945,3.0031446270419657e-07
2576.358683,3.002581304719811e-07
2581.004894,3.002270098116771e-07
2582.553631,3.001974758498334e-07
2584.102369,3.001677696694232e-07
2585.651105,3.001500649117295e-07
2587.199842,3.0014082254455627e-07
2588.74858,3.001327153892218e-07
2590.297317,3.001111194094746e-07
2591.846054,3.000704591038888e-07
2593.394792,3.0003118036943534e-07
2596.291409,3.000020164736946e-07
2597.840146,2.9997119507498327e-07
2599.388884,2.999408532929906e-07
2599.58974,2.9992181956198316e-07
2602.687214,2.999135494236092e-07
2605.784689,2.9990527159875906e-07
2607.333426,2.9989084553756487e-07
2608.882163,2.9987081715632294e-07
2610.430901,2.9984130570143533e-07
2611.979637,2.998040891713104e-07
2613.528375,2.9976704160379315e-07
2615.077112,2.9973320455581024e-07
2618.074158,2.997007287377434e-07
2619.622895,2.9966794224208126e-07
2621.171632,2.9964067491154225e-07
2622.820798,2.996200957297442e-07
2624.369534,2.995953890654996e-07
2625.918272,2.9956222937971497e-07
2627.467009,2.9952744068665087e-07
2629.015747,2.994934892490677e-07
2631.912364,2.99456526629706e-07
2633.461102,2.9942097809369753e-07
2635.009839,2.993957901608427e-07
2636.659004,2.9937685596350204e-07
2638.107312,2.9935704068292885e-07
2641.405643,2.9933710069919525e-07
2642.954381,2.9931865874236536e-07
2644.503118,2.9930636862312747e-07
2646.051856,2.993015431465403e-07
2647.600593,2.992954365998037e-07
2650.497211,2.992841051600674e-07
2652.045947,2.992727549966891e-07
2653.695113,2.9926192235319287e-07
2655.24385,2.9925189887412825e-07
2656.792587,2.992435210666085e-07
2658.341324,2.9923485911114794e-07
2659.890062,2.992305281334176e-07
2661.438798,2.992305281334176e-07
2664.636701,2.992305281334176e-07
2666.185439,2.9922845635624016e-07
2667.734176,2.992202190934739e-07
2669.282913,2.9920995989947387e-07
2672.17953,2.9920368940188163e-07
2673.728268,2.9919273297294125e-07
2673.929125,2.991773504826034e-07
2676.825743,2.991684775203655e-07
2678.474907,2.991639372970466e-07
2680.023645,2.991616671853872e-07
2681.572382,2.991616671853872e-07
2683.221548,2.991616671853872e-07
2686.319021,2.991597296174856e-07
2687.867759,2.9915523613473114e-07
2689.416496,2.99151404544568e-07
2690.965233,2.991408529877197e-07
2693.861851,2.991083161151591e-07
2695.410588,2.9906274166046523e-07
2696.959326,2.9902021193078144e-07
2698.508063,2.9897456622966925e-07
2700.056799,2.989336701801642e-07
2701.705965,2.9890610710262464e-07
2703.35513,2.9887553802148806e-07
2704.903867,2.987719061859089e-07
2707.800486,2.985130390937334e-07
2709.349223,2.982054668665685e-07
2710.89796,2.9801887265120756e-07
2712.446697,2.979478717094307e-07
2714.196291,2.979277022930746e-07
2717.293766,2.979203213932064e-07
2718.842503,2.9790222549857255e-07
2720.391239,2.97878898886637e-07
2721.939976,2.978607830371985e-07
2723.488714,2.978495604080643e-07
2726.385332,2.978457403485726e-07
2727.934069,2.9784475965766304e-07
2729.482806,2.9784111536399223e-07
2731.031544,2.978312934098653e-07
2732.580281,2.978170877537265e-07
2734.129018,2.9780846858369384e-07
2735.683375,2.9780263871217267e-07
2737.232112,2.977923886584354e-07
2738.78085,2.977816101901736e-07
2741.878323,2.9776948019712624e-07
2743.427061,2.9775437394316315e-07
2744.975798,2.97741470498417e-07
2746.524535,2.977346604613421e-07
2748.274128,2.977329911873113e-07
2749.822866,2.9772894651517094e-07
2752.719484,2.9771656723664945e-07
2751.371603,2.977008497799308e-07
2755.816959,2.976903740134971e-07
2757.365695,2.976819686462502e-07
2758.914432,2.97671343743949e-07
2760.46317,2.976586062700728e-07
2762.212764,2.976358095569108e-07
2765.310237,2.9760912834955863e-07
2766.858975,2.975941118640046e-07
2768.407712,2.975741724355994e-07
2769.956449,2.9751891298693384e-07
2771.505187,2.974567473494704e-07
2773.053924,2.974336087009055e-07
2777.700135,2.974200087868963e-07
2779.248872,2.973928089588779e-07
2780.797609,2.973792090448687e-07
2782.346347,2.973792090448687e-07
2783.895084,2.9737229285875146e-07
2785.443821,2.973559803628226e-07
2786.992558,2.973418750418596e-07
2788.541295,2.9733277819612433e-07
2790.090032,2.9732318661502896e-07
2791.638769,2.973074061880397e-07
2793.187506,2.972772746104833e-07
2794.736244,2.9723638641080235e-07
2796.284981,2.971974573321936e-07
2800.931192,2.9716437338281583e-07
2802.47993,2.9713883332669037e-07
2804.028667,2.9712141946421256e-07
2807.025713,2.971022718729991e-07
2808.574451,2.9707586918902637e-07
2810.123187,2.9703785978994434e-07
2811.671925,2.9696920361278187e-07
2813.32109,2.9687415493157876e-07
2814.869827,2.9680005848144263e-07
2816.418564,2.9677129349502094e-07
2817.967302,2.9676576544125765e-07
2819.516039,2.967642640525819e-07
2822.513085,2.9676367489030617e-07
2825.610559,2.96756127060503e-07
2827.058868,2.967324546300185e-07
2828.708034,2.967050091620142e-07
2830.357199,2.9669169367327504e-07
2831.905936,2.9668621484915447e-07
2833.454673,2.966732023757311e-07
2836.45172,2.9665334692058517e-07
2838.000456,2.9663890740977733e-07
2839.549194,2.9663381941081676e-07
2841.198359,2.966277911287631e-07
2842.747097,2.966124574904425e-07
2844.295833,2.9659335187235835e-07
2847.192451,2.965806154319253e-07
2848.942045,2.965731024929954e-07
2850.490782,2.965627832255103e-07
2853.3874,2.9654642395955914e-07
2854.936137,2.9652416194485225e-07
2856.685731,2.96506256384213e-07
2858.234468,2.9650080929164224e-07
2859.783205,2.9650080929164224e-07
2861.331942,2.9650080929164224e-07
2862.880679,2.964981994420815e-07
2865.777298,2.964929797429601e-07
2865.978153,2.9649036989339936e-07
2867.526891,2.9649036989339936e-07
2870.423509,2.9649036989339936e-07
2871.972246,2.9649036989339936e-07
2873.621412,2.9649036989339936e-07
2875.270577,2.9649036989339936e-07
2876.819314,2.96485589324769e-07
2878.368051,2.9647602818750833e-07
2878.267623,2.9647124761887804e-07
2883.014263,2.964705166226805e-07
2884.563,2.9646470429077144e-07
2886.111737,2.96455272615546e-07
2887.660474,2.9645092227603204e-07
2887.459618,2.964505149557615e-07
2892.105829,2.9644970031522035e-07
2893.654567,2.9644502944873847e-07
2895.303732,2.9643650235631583e-07
2898.401206,2.964284064363099e-07
2900.050372,2.964207416887207e-07
2901.599109,2.964169093149261e-07
2903.147846,2.964153185133689e-07
2904.696583,2.9640250236887586e-07
2906.24532,2.9636495795294327e-07
2907.794058,2.963219543483284e-07
2909.342795,2.962952898090775e-07
2912.440269,2.9627532979381196e-07
2915.537743,2.9626534978617914e-07
2917.086481,2.962621804696142e-07
2918.635218,2.9625584183648435e-07
2920.183954,2.962468081223967e-07
2921.732692,2.962088550057643e-07
2924.62931,2.961272267815986e-07
2926.378904,2.9604411402544264e-07
2927.927641,2.959975433349252e-07
2929.476378,2.959534521967136e-07
2931.025115,2.95861162588232e-07
2932.573852,2.95745673524008e-07
2937.019207,2.9566019337139695e-07
2938.567945,2.956109021842758e-07
2940.116682,2.955709669931968e-07
2941.665419,2.955263472682573e-07
2943.415012,2.954942320616464e-07
2946.31163,2.954713948799967e-07
2947.860368,2.954317216243653e-07
2949.409104,2.9537975981072606e-07
2951.05827,2.953259266635422e-07
2952.607008,2.952830062772963e-07
2954.155744,2.9524969736906767e-07
2955.80491,2.951954760693709e-07
2957.353647,2.9513664119518723e-07
2958.902384,2.9510257786859636e-07
2960.451122,2.950861827052427e-07
2963.548596,2.9507548866282907e-07
2965.097333,2.950542110204648e-07
2967.993951,2.950214792802321e-07
2969.542688,2.9499678453436044e-07
2971.091425,2.9498105243514e-07
2972.740591,2.949594531091399e-07
2974.1889,2.9493794814395e-07
2975.737637,2.9492033075373e-07
2977.386802,2.948915679217577e-07
2978.835111,2.948606562374762e-07
2980.383848,2.948419972414137e-07
2982.033014,2.9482752358058964e-07
2985.230916,2.948133408832195e-07
2986.779653,2.9479528255752826e-07
2988.32839,2.947631870195725e-07
2989.877128,2.9472395747667286e-07
2991.425865,2.946830985116131e-07
2992.974602,2.9463997708088844e-07
2994.523339,2.946101342802686e-07
2996.072076,2.94592845619889e-07
2998.968694,2.945560966004527e-07
3000.517432,2.944845620357266e-07
3002.066168,2.943962659887208e-07
3003.614906,2.9431402677959476e-07
3005.163643,2.9426144632439995e-07
3008.461973,2.942279189371268e-07
3010.010711,2.941642352335161e-07
3011.559448,2.940393440880613e-07
3013.108185,2.9385439368683456e-07
3014.656922,2.936951915368778e-07
3016.20566,2.9362782978434163e-07
3017.754397,2.9360052705463965e-07
3019.303134,2.9358176100709157e-07
3023.748489,2.9355862535824145e-07
3025.297227,2.935276981086324e-07
3026.946392,2.935147918251765e-07
3028.495129,2.9350570257618655e-07
3029.943438,2.934875240782067e-07
3031.592603,2.934816383857262e-07
3033.14134,2.934816383857262e-07
3034.589649,2.934816383857262e-07
3036.24461,2.934816383857262e-07
3037.793347,2.934816383857262e-07
3039.241656,2.934816383857262e-07
3042.539987,2.934816383857262e-07
3044.088724,2.934816383857262e-07
3045.637461,2.934816383857262e-07
3048.534079,2.934816383857262e-07
3050.183245,2.934816383857262e-07
3051.731982,2.934816383857262e-07
3053.280719,2.934816383857262e-07
3054.929884,2.934816383857262e-07
3056.478621,2.934816383857262e-07
3058.027359,2.934816383857262e-07
3059.576095,2.934816383857262e-07
3061.124832,2.934816383857262e-07
3062.67357,2.934816383857262e-07
3064.222307,2.934816383857262e-07
3065.771044,2.9348804549874503e-07
3067.319782,2.934912490552545e-07
3068.868518,2.934912490552545e-07
3073.51473,2.934912490552545e-07
3075.063468,2.934912490552545e-07
3076.612205,2.934912490552545e-07
3078.160941,2.934912490552545e-07
3079.709679,2.934912490552545e-07
3081.258416,2.934912490552545e-07
3082.807153,2.934912490552545e-07
3085.703771,2.934912490552545e-07
3087.252508,2.934912490552545e-07
3088.801245,2.934912490552545e-07
3090.349982,2.934912490552545e-07
3091.898719,2.934912490552545e-07
3093.447457,2.934912490552545e-07
3096.544931,2.934912490552545e-07
3098.093668,2.934912490552545e-07
3099.642406,2.934912490552545e-07
3098.294525,2.934912490552545e-07
3102.73988,2.934912490552545e-07
3101.391999,2.934912490552545e-07
3106.038211,2.934912490552545e-07
3107.586948,2.934912490552545e-07
3109.135685,2.934912490552545e-07
3110.684422,2.934912490552545e-07
3112.233159,2.9348742182275204e-07
3113.781897,2.9347548928657343e-07
3116.879371,2.9345372977871455e-07
3118.428108,2.934226460888159e-07
3119.976845,2.933971632503929e-07
3121.525582,2.933891098976859e-07
3125.970937,2.933891098976859e-07
3127.519675,2.933891098976859e-07
3129.068412,2.933891098976859e-07
3130.617149,2.933807194357533e-07
3132.266314,2.933639385118882e-07
3133.714623,2.933555480499556e-07
3137.012954,2.933555480499556e-07
3138.561692,2.933555480499556e-07
3140.110429,2.933555480499556e-07
3141.659166,2.9334348840307614e-07
3143.207903,2.933193691093173e-07
3144.75664,2.932968111493592e-07
3146.305377,2.93275814523202e-07
3147.854114,2.9325999185319203e-07
3150.750732,2.9324598827150213e-07
3152.29947,2.9322453633836697e-07
3153.848206,2.931875203492991e-07
3157.146537,2.931280023314756e-07
3158.695274,2.930582840050865e-07
3160.244012,2.930029633990825e-07
3161.792749,2.9296549049141803e-07
3163.341486,2.92931129810537e-07
3166.238104,2.92896825038275e-07
3166.438961,2.92866306706258e-07
3169.335579,2.928387021577356e-07
3169.536435,2.9280346227746797e-07
3171.085172,2.9276837112239575e-07
3174.082218,2.9274493515766663e-07
3177.280121,2.927202035120387e-07
3178.828857,2.9269963166169876e-07
3180.377595,2.926913980279231e-07
3181.926332,2.926837753348036e-07
3183.47507,2.926722208830937e-07
3185.023806,2.926591755303349e-07
3186.572544,2.926390679855636e-07
3188.121281,2.926021075907513e-07
3192.566636,2.925504076441606e-07
3194.115373,2.9250037983570404e-07
3195.66411,2.9247067811266835e-07
3197.313276,2.924568072744466e-07
3198.962441,2.924364072557538e-07
3200.511178,2.923994902445996e-07
3202.059915,2.9235076220692163e-07
3203.608652,2.9231259950685033e-07
3205.15739,2.9229365247072553e-07
3206.706127,2.922560137093879e-07
3209.602745,2.921548171348713e-07
3208.254864,2.919866259099842e-07
3211.352338,2.918145092318563e-07
3214.248956,2.917142295191748e-07
3217.446859,2.9167650573770016e-07
3219.096024,2.9165494342336933e-07
3222.093071,2.916294329074825e-07
3223.541379,2.9159774803804086e-07
3225.090117,2.915648631871041e-07
3225.290973,2.9151854747814303e-07
3228.388447,2.9147190673453176e-07
3229.937184,2.9143140451513936e-07
3231.485922,2.913739610741741e-07
3233.034659,2.913204984634726e-07
3234.583396,2.9129466952995453e-07
3237.480014,2.91268022864706e-07
3239.229607,2.9121689997088045e-07
3240.778345,2.911704890343751e-07
3242.327082,2.9114025248666486e-07
3243.875819,2.9109509213496463e-07
3246.872865,2.910478199379368e-07
3248.421602,2.9102569086400067e-07
3249.970339,2.91013555347352e-07
3251.519077,2.910011893090833e-07
3253.067814,2.9099146230531556e-07
3254.716979,2.909707217396537e-07
3257.613598,2.90924911807927e-07
3259.162335,2.9087225446437965e-07
3260.8115,2.908383696840243e-07
3262.259809,2.908202451237549e-07
3263.808546,2.9080201623436723e-07
3265.357283,2.907785035352629e-07
3266.90602,2.9074984895729727e-07
3268.454757,2.907045822507147e-07
3270.003494,2.9065661146718803e-07
3271.552232,2.906379082908151e-07
3274.649706,2.9062929296990755e-07
3276.3993,2.906087330431613e-07
3277.948037,2.905898713007852e-07
3279.496774,2.905779811574377e-07
3281.045511,2.9056933919138717e-07
3283.942129,2.905541487821785e-07
3285.490867,2.9052447875458753e-07
3287.140032,2.9049350259462793e-07
3288.789196,2.90473474277887e-07
3291.886671,2.9045566279639584e-07
3293.435408,2.904292607446118e-07
3294.984146,2.903995037381711e-07
3297.880764,2.9038003697605164e-07
3299.429501,2.903641912751725e-07
3298.08162,2.9033835035876545e-07
3302.627403,2.903177024474614e-07
3304.276569,2.90312550812061e-07
3305.825306,2.903107375976444e-07
3307.374042,2.9030494869327905e-07
3308.922781,2.9029881052779806e-07
3311.819398,2.9029664805226587e-07
3312.020255,2.9029664805226587e-07
3313.568992,2.9029179047550944e-07
3315.117729,2.9027615717740873e-07
3318.014347,2.902539829584807e-07
3318.215203,2.9023339645552565e-07
3321.111821,2.9021942152200844e-07
3322.760986,2.902080328967389e-07
3321.312678,2.901867088480771e-07
3325.758033,2.9015675971445603e-07
3327.507626,2.901355060804743e-07
3329.056363,2.901195667082878e-07
3330.605101,2.9008485170423503e-07
3332.153838,2.90037373648474e-07
3335.050456,2.900016041092737e-07
3336.605083,2.8996978731911454e-07
3338.15382,2.8992284263130544e-07
3338.354676,2.8986729392121357e-07
3343.000888,2.8981630728753866e-07
3344.549625,2.897505661005553e-07
3346.098362,2.896438295841605e-07
3347.6471,2.8917454931838695e-07
3349.195837,2.5983558808830595e-07
3357.709763,1.6685263779661103e-07
3359.952004,6.003076436165896e-08
3361.123339,9.964062893957635e-09
3362.294674,2.6652484225775143e-09
3363.566437,2.6652484225775143e-09
3367.381726,2.6652484225775143e-09
3368.553061,2.6652484225775143e-09
3369.724396,2.6652484225775143e-09
3371.665352,2.6652484225775143e-09
3374.008023,2.6652484225775143e-09
3376.651976,2.6652484225775143e-09
3377.823312,2.6652484225775143e-09
3381.236888,2.6652484225775143e-09
3382.408223,2.6652484225775143e-09
3383.579557,2.6652484225775143e-09
3384.851321,2.6652484225775143e-09
3386.123084,2.6652484225775143e-09
3388.465753,2.6652484225775143e-09
3391.778902,2.6652484225775143e-09
3393.050664,2.6652484225775143e-09
3394.222,2.6652484225775143e-09
3397.836432,2.6652484225775143e-09
3399.007767,2.6652484225775143e-09
3401.250009,2.6652484225775143e-09
3402.421343,2.6899144099731897e-09
3403.592679,2.7357061041106164e-09
3405.935348,2.791733998279856e-09
3409.449352,2.8847246595450867e-09
3410.620687,3.082948982054235e-09
3411.792022,3.377581206595231e-09
3414.23512,3.624892950810131e-09
3416.176077,3.754960208363564e-09
3418.920459,3.86769975662693e-09
3420.091794,4.008682908783433e-09
3421.263129,4.183676722170117e-09
3424.375421,5.248784177280816e-09
3425.747612,8.002187448426569e-09
3428.291138,1.09541596748615e-08
3429.462472,1.2511965821097968e-08
3431.704715,1.2995893010154663e-08
3433.846528,1.2995893010154663e-08
3436.189198,1.2995893010154663e-08
3437.460961,1.2995893010154663e-08
3438.632295,1.2995893010154663e-08
3442.246728,1.2995893010154663e-08
3444.48897,1.2995893010154663e-08
3445.660305,1.2995893010154663e-08
3446.831639,1.2995893010154663e-08
3450.5465,1.2995893010154663e-08
3451.717835,1.2995893010154663e-08
3453.658792,1.2995893010154663e-08
3454.830127,1.2995893010154663e-08
3457.574509,1.2995893010154663e-08
3458.745844,1.2995893010154663e-08
3459.917179,1.2995893010154663e-08
3461.088514,1.2995893010154663e-08
3464.301234,1.2995893010154663e-08
3466.84476,1.2995893010154663e-08
3468.016095,1.2995893010154663e-08
3469.287858,1.2971174074846114e-08
3471.329243,1.2808225961728375e-08
3472.601005,1.2735903354212547e-08
3476.014583,1.267049761435968e-08
3477.185917,1.258233904202213e-08
3478.357252,1.252568954205111e-08
3479.528587,1.250788516790019e-08
3481.971684,1.2494886362664992e-08
3484.213926,1.2473952593381306e-08
3485.586118,1.2437815491181736e-08
3489.20055,1.2375804752327925e-08
3490.371885,1.2319182655440675e-08
3491.54322,1.229508230262786e-08
3493.484176,1.2282033668259313e-08
3496.128131,1.2268406151805633e-08
3498.269945,1.2258958910494132e-08
3500.512186,1.2250304168057688e-08
3503.055712,1.2240872762443338e-08
3504.02619,1.2231407818625202e-08
3505.197525,1.2223377153588826e-08
3506.569716,1.2217204908364929e-08
3509.113242,1.2209365421912063e-08
3511.255055,1.2194106230379373e-08
3512.42639,1.2169687820585487e-08
3514.969916,1.2148688626791194e-08
3516.910873,1.2136610586443155e-08
3518.082209,1.2120799838116976e-08
3520.625734,1.2102405051477492e-08
3522.767547,1.2091359142836814e-08
3525.110217,1.208587778625661e-08
3526.281552,1.208207754810702e-08
3527.452887,1.2077077816742387e-08
3530.197269,1.2067334921279912e-08
3531.368604,1.2055249278774856e-08
3532.539939,1.2047125304648319e-08
3533.711274,1.2043115408849343e-08
3535.953516,1.2039706472137855e-08
3539.367092,1.2035931522343034e-08
3540.538427,1.2031202695320464e-08
3543.081953,1.2026943130494907e-08
3544.253287,1.20254420367858e-08
3545.424622,1.20254420367858e-08
3548.938627,1.20254420367858e-08
3550.109962,1.20254420367858e-08
3551.281297,1.20254420367858e-08
3552.452632,1.20254420367858e-08
3555.866208,1.20254420367858e-08
3558.309306,1.20254420367858e-08
3559.48064,1.20254420367858e-08
3560.651976,1.20254420367858e-08
3562.693361,1.20254420367858e-08
3564.16598,1.20254420367858e-08
3566.207365,1.20254420367858e-08
3567.679985,1.20254420367858e-08
3571.09356,1.20254420367858e-08
3573.235375,1.20254420367858e-08
3575.477615,1.20254420367858e-08
3576.950235,1.20254420367858e-08
3578.12157,1.20254420367858e-08
3581.535146,1.20254420367858e-08
3582.907338,1.20254420367858e-08
3584.078672,1.20254420367858e-08
3585.250007,1.202530603491252e-08
3590.905825,1.202517003303924e-08
3593.449352,1.202503403116596e-08
3594.620686,1.2024898029292678e-08
3595.792021,1.2024898029292678e-08
3596.963356,1.2024898029292678e-08
3600.47736,1.2024898029292678e-08
3601.648695,1.2024898029292678e-08
